крипта,мода,спорт,технологии,финансы
биткоин,образ,match_tv,ai_newz,banksta
btc,бренда,sprts cc,ии,financelist
sec,образы,sprts,можно,россии
ethereum,образов,https sprts,ai,bitkogan
nft,мне,cc,вот,по
криптовалют,коллекции,sportsru,видео,цб
млн,носить,матч,про,сша
binance,бренд,matchpremier,тут,экономики
биткоина,моды,матче,не,года
чат,меня,https,com,рост
youtube,vogue,гол,то,ставки
чат youtube,платье,спорте,на odigital,до
youtube twitter,коллекция,сборной,odigital,2022
twitter,жакет,цска,to,2023
криптовалюты,вы,месси,есть,российских
eth,брюки,счетом,как,акций
токенов,осень,матча,chatgpt,санкции
блокчейн,дополните,динамо,для,ес
сети,вещь,со счетом,теперь,млрд
telegram чат,сумка,клуб,это,рф
